DROP DATABASE IF EXISTS guvi_zen;

CREATE DATABASE guvi_zen;

USE guvi_zen; 

CREATE TABLE courses (
    id INT NOT NULL AUTO_INCREMENT,
    course_name VARCHAR(50) NOT NULL,
    PRIMARY KEY (id)
);

CREATE TABLE mentors (
    id INT NOT NULL AUTO_INCREMENT,
    name VARCHAR(50) NOT NULL,
    email VARCHAR(60) NOT NULL,
    password VARCHAR(100) NOT NULL,
    PRIMARY KEY (id)
);

CREATE TABLE batches (
    batch_name VARCHAR(20) NOT NULL,
    batch_duration INT NOT NULL,
    id INT NOT NULL AUTO_INCREMENT,
    mentor_id INT,
    course_id INT,
    PRIMARY KEY (id),
    FOREIGN KEY (mentor_id)
        REFERENCES mentors (id),
    FOREIGN KEY (course_id)
        REFERENCES courses (id)
);


CREATE TABLE students (
    id INT NOT NULL AUTO_INCREMENT,
    name VARCHAR(60) NOT NULL,
    email VARCHAR(50) NOT NULL,
    password VARCHAR(100) NOT NULL,
    batch_id INT,
    PRIMARY KEY (id),
    FOREIGN KEY (batch_id)
        REFERENCES batches (id)
);

INSERT INTO `courses` (id,course_name) VALUES
(1,'totam'),
(2,'vel'),
(3,'accusamus'),
(4,'et'),
(5,'cupiditate'),
(6,'sit'),
(7,'qui'),
(8,'nemo'),
(9,'dolorem'),
(10,'fugit');


INSERT INTO `mentors` (id,name,email,password) VALUES
(1,'ea','ydavis@example.net','7e6283866cbc407e1eedaff5c3d37b58596671cc'),
(2,'aut','vlangosh@example.com','9c56879af937f11c396dfe01281e3e2d1166e992'),
(3,'dolores','nklein@example.org','5f41fafb97afb317328f85bb967215b054edb3f9'),
(4,'voluptas','lindsey.gerlach@example.org','ecdd474abab5359a31afc04d94a3d42855889a3b'),
(5,'est','makenzie83@example.net','47cd680f27173e1d257020d30b2555c1bee43906'),
(6,'tenetur','unolan@example.com','a688476a4bb2f34a97725e881e857b42b905e71d'),
(7,'quam','hermina.jakubowski@example.org','ced957c6a7c28dcc96749766f656a4e342158d6d'),
(8,'deleniti','erdman.daron@example.org','d916c23467c176852a41889167734f04f58c748a'),
(9,'sint','dallas55@example.net','6b114a167b2ad36c92f9f7e3ad7864b503a7605e'),
(10,'eos','natalia.hackett@example.org','bdcaff53601950ac10744881b5442d94990a4dfc'),
(11,'numquam','clark.emmerich@example.org','06812f3ba205272320663d4b1a9a290a07821448'),
(12,'quo','crist.orin@example.net','491c2f111bb81cd321b95fbdc05a788c9fbf4c92'),
(13,'placeat','bcarter@example.org','4c817c1f88f4d30ac751854d5145d757efa22747'),
(14,'modi','damon.schroeder@example.org','00218d5a5315efdffeadfe9184409e357866be56'),
(15,'et','frederik.corwin@example.com','7574c9e1e8cf90f3cb53120dd4fec134033d3ca3'),
(16,'illum','msteuber@example.org','c4f80268e85e788be0d955f08babd7eab39b4f4e'),
(17,'totam','ydurgan@example.org','2684ae44e66fab7c731091527c3e50194cf7ac31'),
(18,'est','gail62@example.com','4e05bb48e7d89624e4e5b1ae22383284c9f3402a'),
(19,'ab','harris.franco@example.net','28383c7b43714820a2057a409c8f354d29a48445'),
(20,'aut','amber39@example.com','d00d56ed36063556fcba286fcf8a7bce9768d409');



INSERT INTO `batches` (batch_name,batch_duration,id,mentor_id,course_id) VALUES
('itaque',5,1,1,1),
('occaecati',3,2,2,2),
('eos',6,3,3,3),
('laudantium',4,4,4,4),
('necessitatibus',9,5,5,5),
('minus',1,6,6,6),
('vel',8,7,7,7),
('ex',2,8,8,8),
('nesciunt',4,9,9,9),
('maxime',7,10,10,10),
('cumque',2,11,11,1),
('praesentium',2,12,12,2),
('sunt',6,13,13,3),
('nam',8,14,14,4),
('quia',9,15,15,5),
('eligendi',9,16,16,6),
('quia',9,17,17,7),
('pariatur',4,18,18,8),
('magnam',2,19,19,9),
('perspiciatis',9,20,20,10),
('officia',2,21,1,1),
('neque',2,22,2,2),
('est',8,23,3,3),
('quia',5,24,4,4),
('vel',8,25,5,5),
('delectus',1,26,6,6),
('enim',7,27,7,7),
('mollitia',6,28,8,8),
('laudantium',7,29,9,9),
('aliquam',7,30,10,10),
('est',8,31,11,1),
('quo',5,32,12,2),
('autem',4,33,13,3),
('saepe',5,34,14,4),
('aut',7,35,15,5),
('iusto',8,36,16,6),
('magnam',4,37,17,7),
('ducimus',4,38,18,8),
('neque',3,39,19,9),
('rem',8,40,20,10),
('eligendi',9,41,1,1),
('officiis',5,42,2,2),
('dolor',6,43,3,3),
('porro',4,44,4,4),
('sint',2,45,5,5),
('itaque',7,46,6,6),
('nihil',7,47,7,7),
('libero',5,48,8,8),
('illo',7,49,9,9),
('omnis',6,50,10,10);

INSERT INTO `students` (id,name,email,password,batch_id) VALUES
(1,'adipisci','kreilly@example.net','26ec0077e2e2286d07e9fd124f31dc2bbd6ad183',1),
(2,'ipsa','bart05@example.net','6a15ad84348472e15ca6a4d1b65b16b049ce1486',2),
(3,'repellat','marcella31@example.com','db6ce4b55489230b0f2a0d9d62495399f64effc1',3),
(4,'velit','deborah35@example.org','a57abfff61b955c49fb6725febe43856cab804b2',4),
(5,'dignissimos','leffler.kaelyn@example.com','ace58aa150b5339a1b3105ad09e90daaab65805a',5),
(6,'deleniti','kristian.feest@example.org','f5b6ee2693d881fd71e1b8a53c5dd4a5e60ed794',6),
(7,'sapiente','mikayla28@example.net','9e8e62e6d115910010c455ada94d293bee57bd15',7),
(8,'quam','schneider.birdie@example.net','6444c6f504a790054bd641303961e818fd37add1',8),
(9,'et','dwilkinson@example.com','c3abc38d090824fd85d33988da32180d8dd41403',9),
(10,'commodi','vance.rempel@example.com','7edb8e8fb584b6ec3f446127bf0d082627124b73',10),
(11,'non','mosciski.vernie@example.org','31adde0a523bbdb336ada59f569d2719bb44897b',11),
(12,'saepe','pcartwright@example.net','edc2500e1b39dff3154f0a648ba2c283326b3cca',12),
(13,'molestias','erica78@example.net','052ac6cd24a745946fb50279a4e23ba01601d477',13),
(14,'odit','jgaylord@example.net','5d769e1f64d7df13d44b285d4c86b95f19f2e192',14),
(15,'omnis','dswaniawski@example.org','5d40d5f927d2710904b85d86056eb9b70409b10f',15),
(16,'quidem','general51@example.net','c0fc7d5530776a99430da5fc7c33b8aa1676eff5',16),
(17,'optio','beahan.destini@example.net','430a3d876d556f1f3c167d59808fb6975c38ee72',17),
(18,'cupiditate','kaley47@example.org','43e866318b703e7aee2c7f839278cd90def84c04',18),
(19,'sint','greenfelder.johathan@example.com','de974c1fd31d29798d2b2d7516f4771e9f853335',19),
(20,'deleniti','swaniawski.heloise@example.com','788122b785622532ade3ef68999f061589ba9179',20),
(21,'voluptatibus','marjory.collins@example.net','ff66424f67393e8d42014c87e17aa03347d2ccee',21),
(22,'rerum','mertz.favian@example.com','510ad897c456ca918ef64b107d2bea9fd71832f1',22),
(23,'voluptatem','hbashirian@example.org','1b2d4ecaf8d44b92a996c9979c4b33f388f213cc',23),
(24,'qui','stacey17@example.net','b2dfbec1ab9dbce3c4a20b5b9f2c3864fb701309',24),
(25,'veritatis','sibyl.toy@example.com','22b76df2b42038bc3901299ab52f265f138d120c',25),
(26,'officia','jerel.mueller@example.org','52b7495c9d41e7f57de58355df363351d9353205',26),
(27,'corrupti','bethel56@example.org','9361613a8209cd6953fe6739b0ec7b3fa92bf61c',27),
(28,'dolorum','selena.will@example.net','a0ccbd078014d4cc64154b3edeb50d993d30410a',28),
(29,'quae','blubowitz@example.org','7b30306f30bcc07a887c2feb3ba882714603e01e',29),
(30,'nisi','koss.kellen@example.org','98c319dfa157b514ae9d0ddb06b2643d20b5a6da',30),
(31,'eum','berniece.green@example.com','eb46559e61a1103c7431aeef0078509f7926c895',31),
(32,'doloremque','shemar.klocko@example.net','2963ddc7a336362cbf1946804278ab341f2d494c',32),
(33,'aspernatur','parker.lavada@example.com','d61eb81a8d15ce62d85b985e345b4c45b0e94462',33),
(34,'repellat','moen.athena@example.com','8a5c83ff433bb21120fb7ddf7abfa98d9bea1210',34),
(35,'perferendis','lupe06@example.org','4561a6a6445e0e8a0dd78e44cf9289a9264b36ac',35),
(36,'et','vella90@example.net','e7900dffa0b7a53f7cc77886e2cd0ac5efaf8678',36),
(37,'nemo','americo.hayes@example.org','e64c4e0636ef894912b9bf70cb1bf6e4034885b5',37),
(38,'dolores','crooks.selmer@example.org','6c16366b2dc4c1834a6919e4a0f6898ebc5ce736',38),
(39,'quia','kuhlman.cecile@example.net','51231c2a84eda886d57306bd57d3dca888560247',39),
(40,'minus','jaida.mcclure@example.com','693dbf95874920b7c9225eec245fa4608a9ed8c5',40),
(41,'unde','ahegmann@example.org','2a196a9bcaf430c5761331b9e48b8636013000c7',41),
(42,'assumenda','brekke.santa@example.com','50203234a835256ad15c6c10ea6becc72b4f9c97',42),
(43,'at','mekhi86@example.org','e11156d788a10dfd254d768677fdb0d8d3270155',43),
(44,'corporis','neal.lubowitz@example.com','326d7304bb81e031e7c3f121f7a39be8709f7c94',44),
(45,'recusandae','heidenreich.denis@example.com','8455abbabb1517e522d8c5f3158b80da0dc23e34',45),
(46,'eveniet','breinger@example.org','d6f402cb8f204079f472854fb9178c212f917eb3',46),
(47,'maxime','madonna.weber@example.net','c1bb2fc1ccbce365011c0b91683bc39ff32821f1',47),
(48,'molestiae','o\'conner.anahi@example.net','1f2c657e2f9a1204b80a9724ae4c8144196e98e6',48),
(49,'similique','maya17@example.net','2702a200caa2d34b43fe6684a5e225e8db46a0e3',49),
(50,'eligendi','boehm.ara@example.org','48d2c6921f2df9588fbe20eeadbe8b7f1cb6f8de',50),
(51,'voluptate','gjacobi@example.net','5ef1cd897fb2c4011d63fc4263b0d610689cb6e3',1),
(52,'ducimus','jenkins.madelyn@example.net','c967560711a417ce24917f2f12adbf573f7c421e',2),
(53,'voluptatem','ysanford@example.com','2fb598abd37bd2e4a94362883166374c2260dba1',3),
(54,'quia','tyreek.funk@example.com','0ec03d4b073d7f0a84c6425b513e002dd0464986',4),
(55,'veritatis','xkub@example.org','c8a7681813ea4a94c5afdba26a127eeda8cd9f14',5),
(56,'tenetur','torp.jackson@example.org','d5be021bf3ddab2c7071813d6d3c36b6cf648434',6),
(57,'ipsam','hester74@example.com','c02d182f59a146cf2481d46197a43ecdfabb9b69',7),
(58,'libero','lizzie.christiansen@example.com','4a5baf316ea8a90addd3745e1b8c977f1a234a3a',8),
(59,'beatae','lynn.herman@example.com','12177ee87e26e87d1cdcdcf140173aa571e5d972',9),
(60,'ut','helga65@example.com','2d99111999c7aef8f6daa5288d0de52f285e7ab4',10),
(61,'earum','watsica.name@example.com','fa49695d0186c7d24598aed6813bab65c5c8caa1',11),
(62,'dolorem','lance83@example.org','de338bcf327c220c548eeb98699b92e7a5c3c8a4',12),
(63,'est','luigi66@example.org','12ea8809e65491f1893768f7e07f8b63408a9750',13),
(64,'voluptatem','nya24@example.org','bc625984067458ffce7ec12f3e83fa0d56b72a2c',14),
(65,'autem','blick.mariano@example.com','b9012961a1757e464e09da11204f3dcad432fa32',15),
(66,'fugiat','kraig.bruen@example.com','ff7144053112ec4844064c85abccf9350cbeb1d7',16),
(67,'et','tillman.daren@example.org','eab6b9537c448b95c4d5f80f368568049075436d',17),
(68,'molestiae','margarett.gulgowski@example.org','d7eafbab49320a5e1f1a902862e37efd9c54cd14',18),
(69,'nulla','armstrong.palma@example.com','02513eb9bab01847c0bc863289444e244fe752e6',19),
(70,'quae','bkunde@example.org','0ceeb4824401cd991d7cf964b3c72923438b6c71',20),
(71,'odio','shanie32@example.com','54e9b8b0c3abe9fafc1dbe3e3a2d5974a545d2ed',21),
(72,'aut','sanford.daugherty@example.net','e48d1e19248cac413f99c5c8f641eb99c5ee5f54',22),
(73,'natus','hwolf@example.com','4bdf1dd03a3faa36f4af1b2e3f332e41b2228450',23),
(74,'veniam','maybell00@example.org','65fcdd55a7736e297cd9114a9e5f73fcfeead511',24),
(75,'delectus','owyman@example.net','9d802723fe7a970fe5ca6f4e2f14e06446e56af0',25),
(76,'natus','loyce.pollich@example.org','e41df77245617ee76103a96bb74d09567c365f0b',26),
(77,'ex','io\'hara@example.com','e09aec3c7e68b4aacbd2a857397bf7c5f9ddcebb',27),
(78,'et','aschultz@example.net','b7e00a7db9f21471198a50feb367a9030f8018d7',28),
(79,'ut','rodriguez.burdette@example.org','e2b091b570f5cfb92a82de7ff198ba51000990a6',29),
(80,'ducimus','anderson.bergstrom@example.net','c4faa4b4f135014c42e4cd55e4110cf66e00edbc',30),
(81,'cupiditate','judson.bode@example.com','1ce9ea90fa759411e45ec932645c8f5b1f4bc3a9',31),
(82,'dolore','hdickinson@example.net','8fbb972c0945c74db54b373fbebc954dc5d61df7',32),
(83,'est','jcollins@example.com','483e080c47bb808fa4ee8d711929a8ea24b6e0ed',33),
(84,'nostrum','ryan.arlo@example.net','131914538da1b2cb9294aefd172b761c80c0c33f',34),
(85,'similique','annabelle.renner@example.com','cf2f4a717e15d7c4a9c72da1a25c5f33cf77188f',35),
(86,'tempora','jailyn34@example.net','a9b5785b5d57e93df124e1839e6990a6dedf2ac4',36),
(87,'non','caesar.schumm@example.org','d8d77db890af8c77cbedca7a13cd41662d48c8a0',37),
(88,'et','pacocha.princess@example.net','7a62f9fb93a74a6f87598a5917f3b4bc79b2e6c1',38),
(89,'nesciunt','gabriella67@example.net','f1fbd933d1671c02f0fbd334fd60462a14e52ab0',39),
(90,'rerum','callie.kuphal@example.org','b4c3d8a453087a230ee7117cdaa6be1f13d27ba2',40),
(91,'dolorem','lilliana.macejkovic@example.net','f0bd5aebd2670380a52631943c8b12c5aa296b94',41),
(92,'amet','thiel.rodolfo@example.net','214860a81ce84b24bb93893190d722a55a6351ab',42),
(93,'repellat','adriana.hills@example.com','65a01c3596f5c9057738744748b75ff2126a8f25',43),
(94,'ut','welch.ariane@example.org','2381dbd3e6a4ff8d33691dbc478a05cb44230705',44),
(95,'expedita','johnson.kelley@example.net','8c1a0d90b0b9e271dc5479071781826a88e1f609',45),
(96,'labore','simonis.harrison@example.org','7e51f9e70f0348104a45e392821c340ba949033e',46),
(97,'quidem','ottilie72@example.org','46981866f807b32bec2b426fc39fa252b586a303',47),
(98,'vel','kessler.sammy@example.net','cdcb89bfe09c95a5752dffe171ea753093c28b6b',48),
(99,'ullam','jturner@example.org','43b19f811111e31f64eee26645f1cfb675eb06bf',49),
(100,'totam','kuhlman.lelah@example.net','dc042cd5d727319a0c5aebed4f667e8f0fb834fc',50);